Workbook
Name DistList: OFFSET(Data!$C$4,MATCH(Finder!$D$5,Data!$B$4:$B$747,0)-1,0,COUNTIF(Data!$B$4:$B$747,Finder!$D$5),1)
Name StateList: Lists!$A$2:$A$35

Sheet Finder
B2: BIOMASS SURPLUS FINDER - Radius Search
B4: INPUTS | F4: SELECTED LOCATION | I4: CATCHMENT TOTALS
B5: State | D5: Haryana | F5: Latitude (approx) | G5: =IFERROR(INDEX(Data!$E$4:$E$747,MATCH($D$5&"|"&$D$6,Data!$D$4:$D$747,0)),"-") -> 29.15 | I5: Total surplus in radius (KTPA) | J5: =Calc!$C$12 -> 1571.0768
B6: District | D6: Hisar | F6: Longitude (approx) | G6: =IFERROR(INDEX(Data!$F$4:$F$747,MATCH($D$5&"|"&$D$6,Data!$D$4:$D$747,0)),"-") -> 75.72 | I6: CBG potential in radius (TPD) | J6: =Calc!$E$12 -> 540.10713
B7: Radius (km) | D7: 100 | F7: Districts within radius | G7: =SUM(Data!$R$4:$R$747) -> 9 | I7: Radius used (km) | J7: =$D$7 -> 100
B8: Road factor (1.0 = straight line) | D8: 1 | F8: Status | G8: =IF(ISNUMBER(MATCH($D$5&"|"&$D$6,Data!$D$4:$D$747,0)),"OK","Pick a district that belongs to the selected state") -> OK | I8: Largest feedstock | J8: =IF(Calc!$C$12>0,$C$13,"-") -> Wheat Straw
B11: TOP 5 FEEDSTOCKS WITHIN RADIUS
B12: Rank | C12: Feedstock | D12: Surplus (KTPA) | E12: % of catchment
B13: 1 | C13: =IF(INDEX(Calc!$C$4:$C$11,MATCH(LARGE(Calc!$F$4:$F$11,1),Calc!$F$4:$F$11,0))>0,INDEX(Calc!$B$4:$B$11,MATCH(LARGE(Calc!$F$4:$F$11,1),Calc!$F$4:$F$11,0)),"-") -> Wheat Straw | D13: =INDEX(Calc!$C$4:$C$11,MATCH(LARGE(Calc!$F$4:$F$11,1),Calc!$F$4:$F$11,0)) -> 666 | E13: =IFERROR(D13/Calc!$C$12,0) -> 0.42391308
B14: 2 | C14: =IF(INDEX(Calc!$C$4:$C$11,MATCH(LARGE(Calc!$F$4:$F$11,2),Calc!$F$4:$F$11,0))>0,INDEX(Calc!$B$4:$B$11,MATCH(LARGE(Calc!$F$4:$F$11,2),Calc!$F$4:$F$11,0)),"-") -> Mustard Stalk | D14: =INDEX(Calc!$C$4:$C$11,MATCH(LARGE(Calc!$F$4:$F$11,2),Calc!$F$4:$F$11,0)) -> 492.2785 | E14: =IFERROR(D14/Calc!$C$12,0) -> 0.31333828
B15: 3 | C15: =IF(INDEX(Calc!$C$4:$C$11,MATCH(LARGE(Calc!$F$4:$F$11,3),Calc!$F$4:$F$11,0))>0,INDEX(Calc!$B$4:$B$11,MATCH(LARGE(Calc!$F$4:$F$11,3),Calc!$F$4:$F$11,0)),"-") -> Paddy Straw | D15: =INDEX(Calc!$C$4:$C$11,MATCH(LARGE(Calc!$F$4:$F$11,3),Calc!$F$4:$F$11,0)) -> 410.76 | E15: =IFERROR(D15/Calc!$C$12,0) -> 0.26145125
B16: 4 | C16: =IF(INDEX(Calc!$C$4:$C$11,MATCH(LARGE(Calc!$F$4:$F$11,4),Calc!$F$4:$F$11,0))>0,INDEX(Calc!$B$4:$B$11,MATCH(LARGE(Calc!$F$4:$F$11,4),Calc!$F$4:$F$11,0)),"-") -> Cane Trash | D16: =INDEX(Calc!$C$4:$C$11,MATCH(LARGE(Calc!$F$4:$F$11,4),Calc!$F$4:$F$11,0)) -> 1.44 | E16: =IFERROR(D16/Calc!$C$12,0) -> 0.00091656881
B17: 5 | C17: =IF(INDEX(Calc!$C$4:$C$11,MATCH(LARGE(Calc!$F$4:$F$11,5),Calc!$F$4:$F$11,0))>0,INDEX(Calc!$B$4:$B$11,MATCH(LARGE(Calc!$F$4:$F$11,5),Calc!$F$4:$F$11,0)),"-") -> Maize Stover | D17: =INDEX(Calc!$C$4:$C$11,MATCH(LARGE(Calc!$F$4:$F$11,5),Calc!$F$4:$F$11,0)) -> 0.4303 | E17: =IFERROR(D17/Calc!$C$12,0) -> 0.00027388858
C18: Other feedstocks | D18: =Calc!$C$12-SUM(D13:D17) -> 0.168 | E18: =IFERROR(D18/Calc!$C$12,0) -> 0.00010693303
C19: Total | D19: =SUM(D13:D18) -> 1571.0768 | E19: =SUM(E13:E18) -> 1
B22: TOP 5 DISTRICTS WITHIN RADIUS (ranked by total surplus)
B23: Rank | C23: District | D23: State | E23: Distance (km) | F23: Total Surplus (KTPA) | G23: Paddy Straw | H23: Wheat Straw | I23: Maize Stover | J23: Mustard Stalk | K23: Cane Trash | L23: Press Mud | M23: Soya Trash | N23: OF MSW | O23: Largest Feedstock | P23: CBG Potential (TPD) | Q23: row#
B24: 1 | C24: =IF($Q24="","",INDEX(Data!$C$4:$C$747,$Q24)) -> Sirsa | D24: =IF($Q24="","",INDEX(Data!$B$4:$B$747,$Q24)) -> Haryana | E24: =IF($Q24="","",INDEX(Data!$Q$4:$Q$747,$Q24)) -> 79.111802 | F24: =IF($Q24="","",INDEX(Data!$O$4:$O$747,$Q24)) -> 286.5837 | G24: =IF($Q24="","",INDEX(Data!$G$4:$G$747,$Q24)) -> 57.12 | H24: =IF($Q24="","",INDEX(Data!$H$4:$H$747,$Q24)) -> 126.45 | I24: =IF($Q24="","",INDEX(Data!$I$4:$I$747,$Q24)) -> 0.0892 | J24: =IF($Q24="","",INDEX(Data!$J$4:$J$747,$Q24)) -> 102.9245 | K24: =IF($Q24="","",INDEX(Data!$K$4:$K$747,$Q24)) -> 0 | L24: =IF($Q24="","",INDEX(Data!$L$4:$L$747,$Q24)) -> 0 | M24: =IF($Q24="","",INDEX(Data!$M$4:$M$747,$Q24)) -> 0 | N24: =IF($Q24="","",INDEX(Data!$N$4:$N$747,$Q24)) -> 0 | O24: =IF($Q24="","",INDEX(Data!$T$4:$T$747,$Q24)) -> Wheat Straw | P24: =IF($Q24="","",INDEX(Data!$P$4:$P$747,$Q24)) -> 97.593122 | Q24: =IFERROR(MATCH(LARGE(Data!$S$4:$S$747,1),Data!$S$4:$S$747,0),"") -> 214
B25: 2 | C25: =IF($Q25="","",INDEX(Data!$C$4:$C$747,$Q25)) -> Hisar | D25: =IF($Q25="","",INDEX(Data!$B$4:$B$747,$Q25)) -> Haryana | E25: =IF($Q25="","",INDEX(Data!$Q$4:$Q$747,$Q25)) -> 0 | F25: =IF($Q25="","",INDEX(Data!$O$4:$O$747,$Q25)) -> 275.1752 | G25: =IF($Q25="","",INDEX(Data!$G$4:$G$747,$Q25)) -> 46.62 | H25: =IF($Q25="","",INDEX(Data!$H$4:$H$747,$Q25)) -> 100.8 | I25: =IF($Q25="","",INDEX(Data!$I$4:$I$747,$Q25)) -> 0.0367 | J25: =IF($Q25="","",INDEX(Data!$J$4:$J$747,$Q25)) -> 127.7185 | K25: =IF($Q25="","",INDEX(Data!$K$4:$K$747,$Q25)) -> 0 | L25: =IF($Q25="","",INDEX(Data!$L$4:$L$747,$Q25)) -> 0 | M25: =IF($Q25="","",INDEX(Data!$M$4:$M$747,$Q25)) -> 0 | N25: =IF($Q25="","",INDEX(Data!$N$4:$N$747,$Q25)) -> 0 | O25: =IF($Q25="","",INDEX(Data!$T$4:$T$747,$Q25)) -> Mustard Stalk | P25: =IF($Q25="","",INDEX(Data!$P$4:$P$747,$Q25)) -> 91.620685 | Q25: =IFERROR(MATCH(LARGE(Data!$S$4:$S$747,2),Data!$S$4:$S$747,0),"") -> 201
B26: 3 | C26: =IF($Q26="","",INDEX(Data!$C$4:$C$747,$Q26)) -> Bhiwani | D26: =IF($Q26="","",INDEX(Data!$B$4:$B$747,$Q26)) -> Haryana | E26: =IF($Q26="","",INDEX(Data!$Q$4:$Q$747,$Q26)) -> 56.508841 | F26: =IF($Q26="","",INDEX(Data!$O$4:$O$747,$Q26)) -> 198.6902 | G26: =IF($Q26="","",INDEX(Data!$G$4:$G$747,$Q26)) -> 13.44 | H26: =IF($Q26="","",INDEX(Data!$H$4:$H$747,$Q26)) -> 45 | I26: =IF($Q26="","",INDEX(Data!$I$4:$I$747,$Q26)) -> 0 | J26: =IF($Q26="","",INDEX(Data!$J$4:$J$747,$Q26)) -> 140.2502 | K26: =IF($Q26="","",INDEX(Data!$K$4:$K$747,$Q26)) -> 0 | L26: =IF($Q26="","",INDEX(Data!$L$4:$L$747,$Q26)) -> 0 | M26: =IF($Q26="","",INDEX(Data!$M$4:$M$747,$Q26)) -> 0 | N26: =IF($Q26="","",INDEX(Data!$N$4:$N$747,$Q26)) -> 0 | O26: =IF($Q26="","",INDEX(Data!$T$4:$T$747,$Q26)) -> Mustard Stalk | P26: =IF($Q26="","",INDEX(Data!$P$4:$P$747,$Q26)) -> 62.680489 | Q26: =IFERROR(MATCH(LARGE(Data!$S$4:$S$747,3),Data!$S$4:$S$747,0),"") -> 196
B27: 4 | C27: =IF($Q27="","",INDEX(Data!$C$4:$C$747,$Q27)) -> Jind | D27: =IF($Q27="","",INDEX(Data!$B$4:$B$747,$Q27)) -> Haryana | E27: =IF($Q27="","",INDEX(Data!$Q$4:$Q$747,$Q27)) -> 61.210671 | F27: =IF($Q27="","",INDEX(Data!$O$4:$O$747,$Q27)) -> 186.319 | G27: =IF($Q27="","",INDEX(Data!$G$4:$G$747,$Q27)) -> 70.98 | H27: =IF($Q27="","",INDEX(Data!$H$4:$H$747,$Q27)) -> 91.35 | I27: =IF($Q27="","",INDEX(Data!$I$4:$I$747,$Q27)) -> 0.0157 | J27: =IF($Q27="","",INDEX(Data!$J$4:$J$747,$Q27)) -> 23.9733 | K27: =IF($Q27="","",INDEX(Data!$K$4:$K$747,$Q27)) -> 0 | L27: =IF($Q27="","",INDEX(Data!$L$4:$L$747,$Q27)) -> 0 | M27: =IF($Q27="","",INDEX(Data!$M$4:$M$747,$Q27)) -> 0 | N27: =IF($Q27="","",INDEX(Data!$N$4:$N$747,$Q27)) -> 0 | O27: =IF($Q27="","",INDEX(Data!$T$4:$T$747,$Q27)) -> Wheat Straw | P27: =IF($Q27="","",INDEX(Data!$P$4:$P$747,$Q27)) -> 66.559879 | Q27: =IFERROR(MATCH(LARGE(Data!$S$4:$S$747,4),Data!$S$4:$S$747,0),"") -> 203
B28: 5 | C28: =IF($Q28="","",INDEX(Data!$C$4:$C$747,$Q28)) -> Fatehabad | D28: =IF($Q28="","",INDEX(Data!$B$4:$B$747,$Q28)) -> Haryana | E28: =IF($Q28="","",INDEX(Data!$Q$4:$Q$747,$Q28)) -> 48.761527 | F28: =IF($Q28="","",INDEX(Data!$O$4:$O$747,$Q28)) -> 165.9799 | G28: =IF($Q28="","",INDEX(Data!$G$4:$G$747,$Q28)) -> 58.8 | H28: =IF($Q28="","",INDEX(Data!$H$4:$H$747,$Q28)) -> 82.35 | I28: =IF($Q28="","",INDEX(Data!$I$4:$I$747,$Q28)) -> 0.042 | J28: =IF($Q28="","",INDEX(Data!$J$4:$J$747,$Q28)) -> 24.7879 | K28: =IF($Q28="","",INDEX(Data!$K$4:$K$747,$Q28)) -> 0 | L28: =IF($Q28="","",INDEX(Data!$L$4:$L$747,$Q28)) -> 0 | M28: =IF($Q28="","",INDEX(Data!$M$4:$M$747,$Q28)) -> 0 | N28: =IF($Q28="","",INDEX(Data!$N$4:$N$747,$Q28)) -> 0 | O28: =IF($Q28="","",INDEX(Data!$T$4:$T$747,$Q28)) -> Wheat Straw | P28: =IF($Q28="","",INDEX(Data!$P$4:$P$747,$Q28)) -> 59.043638 | Q28: =IFERROR(MATCH(LARGE(Data!$S$4:$S$747,5),Data!$S$4:$S$747,0),"") -> 199
B30: If fewer than 5 districts fall inside the radius, the extra rows stay blank. Full list with distances: Data sheet (districts inside the radius are shaded green).
B31: Coordinates are approximate district-HQ points; distances are straight-line x road factor. See Assumptions for sources and caveats.

Sheet Calc
B1: Feedstock totals within radius (helper for Finder)
B3: Feedstock | C3: Surplus in radius (KTPA) | D3: CBG yield | E3: CBG potential (TPD) | F3: Rank score
B4: Paddy Straw | C4: =SUMPRODUCT(Data!G$4:G$747,Data!$R$4:$R$747) -> 410.76 | D4: =Assumptions!$C$6 -> 0.124995 | E4: =C4*1000*D4/Assumptions!$C$15 -> 150.56582 | F4: =C4+(20-ROW())*0.000000001 -> 410.76
B5: Wheat Straw | C5: =SUMPRODUCT(Data!H$4:H$747,Data!$R$4:$R$747) -> 666 | D5: =Assumptions!$C$7 -> 0.124995 | E5: =C5*1000*D5/Assumptions!$C$15 -> 244.12513 | F5: =C5+(20-ROW())*0.000000001 -> 666
B6: Maize Stover | C6: =SUMPRODUCT(Data!I$4:I$747,Data!$R$4:$R$747) -> 0.4303 | D6: =Assumptions!$C$8 -> 0.100316 | E6: =C6*1000*D6/Assumptions!$C$15 -> 0.12658644 | F6: =C6+(20-ROW())*0.000000001 -> 0.43030001
B7: Mustard Stalk | C7: =SUMPRODUCT(Data!J$4:J$747,Data!$R$4:$R$747) -> 492.2785 | D7: =Assumptions!$C$9 -> 0.100316 | E7: =C7*1000*D7/Assumptions!$C$15 -> 144.81938 | F7: =C7+(20-ROW())*0.000000001 -> 492.2785
B8: Cane Trash | C8: =SUMPRODUCT(Data!K$4:K$747,Data!$R$4:$R$747) -> 1.44 | D8: =Assumptions!$C$10 -> 0.106624 | E8: =C8*1000*D8/Assumptions!$C$15 -> 0.45025971 | F8: =C8+(20-ROW())*0.000000001 -> 1.44
B9: Press Mud | C9: =SUMPRODUCT(Data!L$4:L$747,Data!$R$4:$R$747) -> 0.168 | D9: =Assumptions!$C$11 -> 0.040483 | E9: =C9*1000*D9/Assumptions!$C$15 -> 0.019944704 | F9: =C9+(20-ROW())*0.000000001 -> 0.16800001
B10: Soya Trash | C10: =SUMPRODUCT(Data!M$4:M$747,Data!$R$4:$R$747) -> 0 | D10: =Assumptions!$C$12 -> 0.107684 | E10: =C10*1000*D10/Assumptions!$C$15 -> 0 | F10: =C10+(20-ROW())*0.000000001 -> 1e-08
B11: OF MSW | C11: =SUMPRODUCT(Data!N$4:N$747,Data!$R$4:$R$747) -> 0 | D11: =Assumptions!$C$13 -> 0.038332 | E11: =C11*1000*D11/Assumptions!$C$15 -> 0 | F11: =C11+(20-ROW())*0.000000001 -> 9e-09
B12: Total | C12: =SUM(C4:C11) -> 1571.0768 | E12: =SUM(E4:E11) -> 540.10713

Sheet Data
A1: DISTRICT DATA - surplus by feedstock (KTPA), coordinates, and live distance to the selected district
F2: CBG yield -> | G2: =Assumptions!$C$6 -> 0.124995 | H2: =Assumptions!$C$7 -> 0.124995 | I2: =Assumptions!$C$8 -> 0.100316 | J2: =Assumptions!$C$9 -> 0.100316 | K2: =Assumptions!$C$10 -> 0.106624 | L2: =Assumptions!$C$11 -> 0.040483 | M2: =Assumptions!$C$12 -> 0.107684 | N2: =Assumptions!$C$13 -> 0.038332
A3: Sr | B3: State | C3: District | D3: Key | E3: Lat (approx) | F3: Lon (approx) | G3: Paddy Straw (KTPA) | H3: Wheat Straw (KTPA) | I3: Maize Stover (KTPA) | J3: Mustard Stalk (KTPA) | K3: Cane Trash (KTPA) | L3: Press Mud (KTPA) | M3: Soya Trash (KTPA) | N3: OF MSW (KTPA) | O3: Total Surplus (KTPA) | P3: CBG Potential (TPD) | Q3: Distance (km) | R3: In Radius (1/0) | S3: Rank Score | T3: Largest Feedstock
A4: 1 | B4: Andaman And Nicobar Islands | C4: Nicobars | D4: =B4&"|"&C4 -> Andaman And Nicobar Islands|Nicobars | E4: 9.16 | F4: 92.75 | G4: 0 | H4: 0 | I4: 0 | J4: 0 | K4: 0 | L4: 0 | M4: 0 | N4: 0 | O4: =SUM(G4:N4) -> 0 | P4: =SUMPRODUCT(G4:N4,$G$2:$N$2)*1000/Assumptions!$C$15 -> 0 | Q4: =IF(ISNUMBER(Finder!$G$5),Finder!$D$8*Assumptions!$C$16*2*ASIN(SQRT(SIN(RADIANS(E4-Finder!$G$5)/2)^2+COS(RADIANS(Finder!$G$5))*COS(RADIANS(E4))*SIN(RADIANS(F4-Finder!$G$6)/2)^2)),"") -> 2844.9208 | R4: =IF(ISNUMBER(Q4),IF(Q4<=Finder!$D$7,1,0),0) -> 0 | S4: =IF(R4=1,O4+ROW()*0.000000001,"") | T4: =IF(O4>0,INDEX(Calc!$B$4:$B$11,MATCH(MAX(G4:N4),G4:N4,0)),"-") -> -
A5: 2 | B5: Andaman And Nicobar Islands | C5: North And Middle Andaman | D5: =B5&"|"&C5 -> Andaman And Nicobar Islands|North And Middle Andaman | E5: 12.92 | F5: 92.9 | G5: 1.68 | H5: 0 | I5: 0.018 | J5: 0.0003 | K5: 0.0428 | L5: 0.005 | M5: 0 | N5: 0 | O5: =SUM(G5:N5) -> 1.7461 | P5: =SUMPRODUCT(G5:N5,$G$2:$N$2)*1000/Assumptions!$C$15 -> 0.63517098 | Q5: =IF(ISNUMBER(Finder!$G$5),Finder!$D$8*Assumptions!$C$16*2*ASIN(SQRT(SIN(RADIANS(E5-Finder!$G$5)/2)^2+COS(RADIANS(Finder!$G$5))*COS(RADIANS(E5))*SIN(RADIANS(F5-Finder!$G$6)/2)^2)),"") -> 2530.2512 | R5: =IF(ISNUMBER(Q5),IF(Q5<=Finder!$D$7,1,0),0) -> 0 | S5: =IF(R5=1,O5+ROW()*0.000000001,"") | T5: =IF(O5>0,INDEX(Calc!$B$4:$B$11,MATCH(MAX(G5:N5),G5:N5,0)),"-") -> Paddy Straw
A6: 3 | B6: Andaman And Nicobar Islands | C6: South Andamans | D6: =B6&"|"&C6 -> Andaman And Nicobar Islands|South Andamans | E6: 11.62 | F6: 92.73 | G6: 0 | H6: 0 | I6: 0 | J6: 0 | K6: 0.4948 | L6: 0.0577 | M6: 0 | N6: 0 | O6: =SUM(G6:N6) -> 0.5525 | P6: =SUMPRODUCT(G6:N6,$G$2:$N$2)*1000/Assumptions!$C$15 -> 0.16156429 | Q6: =IF(ISNUMBER(Finder!$G$5),Finder!$D$8*Assumptions!$C$16*2*ASIN(SQRT(SIN(RADIANS(E6-Finder!$G$5)/2)^2+COS(RADIANS(Finder!$G$5))*COS(RADIANS(E6))*SIN(RADIANS(F6-Finder!$G$6)/2)^2)),"") -> 2627.7951 | R6: =IF(ISNUMBER(Q6),IF(Q6<=Finder!$D$7,1,0),0) -> 0 | S6: =IF(R6=1,O6+ROW()*0.000000001,"") | T6: =IF(O6>0,INDEX(Calc!$B$4:$B$11,MATCH(MAX(G6:N6),G6:N6,0)),"-") -> Cane Trash
A7: 4 | B7: Andhra Pradesh | C7: Alluri Sitharama Raju | D7: =B7&"|"&C7 -> Andhra Pradesh|Alluri Sitharama Raju | E7: 18.08 | F7: 82.67 | G7: 23.94 | H7: 0 | I7: 20.4928 | J7: 0 | K7: 0.6008 | L7: 0.0701 | M7: 0 | N7: 0 | O7: =SUM(G7:N7) -> 45.1037 | P7: =SUMPRODUCT(G7:N7,$G$2:$N$2)*1000/Assumptions!$C$15 -> 15.000098 | Q7: =IF(ISNUMBER(Finder!$G$5),Finder!$D$8*Assumptions!$C$16*2*ASIN(SQRT(SIN(RADIANS(E7-Finder!$G$5)/2)^2+COS(RADIANS(Finder!$G$5))*COS(RADIANS(E7))*SIN(RADIANS(F7-Finder!$G$6)/2)^2)),"") -> 1419.16 | R7: =IF(ISNUMBER(Q7),IF(Q7<=Finder!$D$7,1,0),0) -> 0 | S7: =IF(R7=1,O7+ROW()*0.000000001,"") | T7: =IF(O7>0,INDEX(Calc!$B$4:$B$11,MATCH(MAX(G7:N7),G7:N7,0)),"-") -> Paddy Straw
A8: 5 | B8: Andhra Pradesh | C8: Anakapalli | D8: =B8&"|"&C8 -> Andhra Pradesh|Anakapalli | E8: 17.69 | F8: 83 | G8: 24.36 | H8: 0 | I8: 0.7224 | J8: 0 | K8: 168.4852 | L8: 19.6566 | M8: 0 | N8: 0 | O8: =SUM(G8:N8) -> 213.2242 | P8: =SUMPRODUCT(G8:N8,$G$2:$N$2)*1000/Assumptions!$C$15 -> 64.157392 | Q8: =IF(ISNUMBER(Finder!$G$5),Finder!$D$8*Assumptions!$C$16*2*ASIN(SQRT(SIN(RADIANS(E8-Finder!$G$5)/2)^2+COS(RADIANS(Finder!$G$5))*COS(RADIANS(E8))*SIN(RADIANS(F8-Finder!$G$6)/2)^2)),"") -> 1473.9717 | R8: =IF(ISNUMBER(Q8),IF(Q8<=Finder!$D$7,1,0),0) -> 0 | S8: =IF(R8=1,O8+ROW()*0.000000001,"") | T8: =IF(O8>0,INDEX(Calc!$B$4:$B$11,MATCH(MAX(G8:N8),G8:N8,0)),"-") -> Cane Trash
A9: 6 | B9: Andhra Pradesh | C9: Ananthapuramu | D9: =B9&"|"&C9 -> Andhra Pradesh|Ananthapuramu | E9: 14.68 | F9: 77.6 | G9: 10.92 | H9: 0 | I9: 169.6191 | J9: 0.0006 | K9: 0.572 | L9: 0.0667 | M9: 6.9195 | N9: 0 | O9: =SUM(G9:N9) -> 188.0979 | P9: =SUMPRODUCT(G9:N9,$G$2:$N$2)*1000/Assumptions!$C$15 -> 56.273677 | Q9: =IF(ISNUMBER(Finder!$G$5),Finder!$D$8*Assumptions!$C$16*2*ASIN(SQRT(SIN(RADIANS(E9-Finder!$G$5)/2)^2+COS(RADIANS(Finder!$G$5))*COS(RADIANS(E9))*SIN(RADIANS(F9-Finder!$G$6)/2)^2)),"") -> 1620.5448 | R9: =IF(ISNUMBER(Q9),IF(Q9<=Finder!$D$7,1,0),0) -> 0 | S9: =IF(R9=1,O9+ROW()*0.000000001,"") | T9: =IF(O9>0,INDEX(Calc!$B$4:$B$11,MATCH(MAX(G9:N9),G9:N9,0)),"-") -> Maize Stover
A10: 7 | B10: Andhra Pradesh | C10: Annamayya | D10: =B10&"|"&C10 -> Andhra Pradesh|Annamayya | E10: 14.06 | F10: 78.75 | G10: 5.04 | H10: 0 | I10: 20.6923 | J10: 0 | K10: 2.0462 | L10: 0.2387 | M10: 0.014 | N10: 0 | O10: =SUM(G10:N10) -> 28.0312 | P10: =SUMPRODUCT(G10:N10,$G$2:$N$2)*1000/Assumptions!$C$15 -> 8.6072975 | Q10: =IF(ISNUMBER(Finder!$G$5),Finder!$D$8*Assumptions!$C$16*2*ASIN(SQRT(SIN(RADIANS(E10-Finder!$G$5)/2)^2+COS(RADIANS(Finder!$G$5))*COS(RADIANS(E10))*SIN(RADIANS(F10-Finder!$G$6)/2)^2)),"") -> 1706.6752 | R10: =IF(ISNUMBER(Q10),IF(Q10<=Finder!$D$7,1,0),0) -> 0 | S10: =IF(R10=1,O10+ROW()*0.000000001,"") | T10: =IF(O10>0,INDEX(Calc!$B$4:$B$11,MATCH(MAX(G10:N10),G10:N10,0)),"-") -> Maize Stover
A11: 8 | B11: Andhra Pradesh | C11: Bapatla | D11: =B11&"|"&C11 -> Andhra Pradesh|Bapatla | E11: 15.9 | F11: 80.47 | G11: 42.84 | H11: 0 | I11: 497.197 | J11: 0.0018 | K11: 1.6922 | L11: 0.1974 | M11: 1.0657 | N11: 0 | O11: =SUM(G11:N11) -> 542.9941 | P11: =SUMPRODUCT(G11:N11,$G$2:$N$2)*1000/Assumptions!$C$15 -> 162.85912 | Q11: =IF(ISNUMBER(Finder!$G$5),Finder!$D$8*Assumptions!$C$16*2*ASIN(SQRT(SIN(RADIANS(E11-Finder!$G$5)/2)^2+COS(RADIANS(Finder!$G$5))*COS(RADIANS(E11))*SIN(RADIANS(F11-Finder!$G$6)/2)^2)),"") -> 1551.4855 | R11: =IF(ISNUMBER(Q11),IF(Q11<=Finder!$D$7,1,0),0) -> 0 | S11: =IF(R11=1,O11+ROW()*0.000000001,"") | T11: =IF(O11>0,INDEX(Calc!$B$4:$B$11,MATCH(MAX(G11:N11),G11:N11,0)),"-") -> Maize Stover
A12: 9 | B12: Andhra Pradesh | C12: Chittoor | D12: =B12&"|"&C12 -> Andhra Pradesh|Chittoor | E12: 13.22 | F12: 79.1 | G12: 7.14 | H12: 0 | I12: 7.8246 | J12: 0 | K12: 132.16 | L12: 15.4187 | M12: 0 | N12: 0 | O12: =SUM(G12:N12) -> 162.5433 | P12: =SUMPRODUCT(G12:N12,$G$2:$N$2)*1000/Assumptions!$C$15 -> 48.073372 | Q12: =IF(ISNUMBER(Finder!$G$5),Finder!$D$8*Assumptions!$C$16*2*ASIN(SQRT(SIN(RADIANS(E12-Finder!$G$5)/2)^2+COS(RADIANS(Finder!$G$5))*COS(RADIANS(E12))*SIN(RADIANS(F12-Finder!$G$6)/2)^2)),"") -> 1805.3477 | R12: =IF(ISNUMBER(Q12),IF(Q12<=Finder!$D$7,1,0),0) -> 0 | S12: =IF(R12=1,O12+ROW()*0.000000001,"") | T12: =IF(O12>0,INDEX(Calc!$B$4:$B$11,MATCH(MAX(G12:N12),G12:N12,0)),"-") -> Cane Trash
A13: 10 | B13: Andhra Pradesh | C13: Dr. B.R. Ambedkar Konaseema | D13: =B13&"|"&C13 -> Andhra Pradesh|Dr. B.R. Ambedkar Konaseema | E13: 16.58 | F13: 82.01 | G13: 55.02 | H13: 0 | I13: 11.5941 | J13: 0 | K13: 0 | L13: 0 | M13: 0 | N13: 0 | O13: =SUM(G13:N13) -> 66.6141 | P13: =SUMPRODUCT(G13:N13,$G$2:$N$2)*1000/Assumptions!$C$15 -> 23.578588 | Q13: =IF(ISNUMBER(Finder!$G$5),Finder!$D$8*Assumptions!$C$16*2*ASIN(SQRT(SIN(RADIANS(E13-Finder!$G$5)/2)^2+COS(RADIANS(Finder!$G$5))*COS(RADIANS(E13))*SIN(RADIANS(F13-Finder!$G$6)/2)^2)),"") -> 1538.2863 | R13: =IF(ISNUMBER(Q13),IF(Q13<=Finder!$D$7,1,0),0) -> 0 | S13: =IF(R13=1,O13+ROW()*0.000000001,"") | T13: =IF(O13>0,INDEX(Calc!$B$4:$B$11,MATCH(MAX(G13:N13),G13:N13,0)),"-") -> Paddy Straw
A14: 11 | B14: Andhra Pradesh | C14: East Godavari | D14: =B14&"|"&C14 -> Andhra Pradesh|East Godavari | E14: 17 | F14: 81.8 | G14: 55.86 | H14: 0 | I14: 102.5598 | J14: 0 | K14: 17.1391 | L14: 1.9996 | M14: 0 | N14: 0 | O14: =SUM(G14:N14) -> 177.5585 | P14: =SUMPRODUCT(G14:N14,$G$2:$N$2)*1000/Assumptions!$C$15 -> 56.243398 | Q14: =IF(ISNUMBER(Finder!$G$5),Finder!$D$8*Assumptions!$C$16*2*ASIN(SQRT(SIN(RADIANS(E14-Finder!$G$5)/2)^2+COS(RADIANS(Finder!$G$5))*COS(RADIANS(E14))*SIN(RADIANS(F14-Finder!$G$6)/2)^2)),"") -> 1486.541 | R14: =IF(ISNUMBER(Q14),IF(Q14<=Finder!$D$7,1,0),0) -> 0 | S14: =IF(R14=1,O14+ROW()*0.000000001,"") | T14: =IF(O14>0,INDEX(Calc!$B$4:$B$11,MATCH(MAX(G14:N14),G14:N14,0)),"-") -> Maize Stover
A15: 12 | B15: Andhra Pradesh | C15: Eluru | D15: =B15&"|"&C15 -> Andhra Pradesh|Eluru | E15: 16.71 | F15: 81.1 | G15: 46.2 | H15: 0 | I15: 369.1076 | J15: 0.0006 | K15: 24.8533 | L15: 2.8996 | M15: 0 | N15: 0 | O15: =SUM(G15:N15) -> 443.0611 | P15: =SUMPRODUCT(G15:N15,$G$2:$N$2)*1000/Assumptions!$C$15 -> 133.6351 | Q15: =IF(ISNUMBER(Finder!$G$5),Finder!$D$8*Assumptions!$C$16*2*ASIN(SQRT(SIN(RADIANS(E15-Finder!$G$5)/2)^2+COS(RADIANS(Finder!$G$5))*COS(RADIANS(E15))*SIN(RADIANS(F15-Finder!$G$6)/2)^2)),"") -> 1488.3231 | R15: =IF(ISNUMBER(Q15),IF(Q15<=Finder!$D$7,1,0),0) -> 0 | S15: =IF(R15=1,O15+ROW()*0.000000001,"") | T15: =IF(O15>0,INDEX(Calc!$B$4:$B$11,MATCH(MAX(G15:N15),G15:N15,0)),"-") -> Maize Stover
... A747: 744 | B747: West Bengal | C747: Uttar Dinajpur | D747: =B747&"|"&C747 -> West Bengal|Uttar Dinajpur | E747: 25.62 | F747: 88.12 | G747: 0 | H747: 0 | I747: 787.5346 | J747: 62.4768 | K747: 9.218 | L747: 1.0754 | M747: 0 | N747: 0 | O747: =SUM(G747:N747) -> 860.3048 | P747: =SUMPRODUCT(G747:N747,$G$2:$N$2)*1000/Assumptions!$C$15 -> 253.06786 | Q747: =IF(ISNUMBER(Finder!$G$5),Finder!$D$8*Assumptions!$C$16*2*ASIN(SQRT(SIN(RADIANS(E747-Finder!$G$5)/2)^2+COS(RADIANS(Finder!$G$5))*COS(RADIANS(E747))*SIN(RADIANS(F747-Finder!$G$6)/2)^2)),"") -> 1284.8677 | R747: =IF(ISNUMBER(Q747),IF(Q747<=Finder!$D$7,1,0),0) -> 0 | S747: =IF(R747=1,O747+ROW()*0.000000001,"") | T747: =IF(O747>0,INDEX(Calc!$B$4:$B$11,MATCH(MAX(G747:N747),G747:N747,0)),"-") -> Maize Stover

Sheet Assumptions
B2: ASSUMPTIONS
B3: Blue = editable input. Every output on Finder recalculates from these.
B5: Feedstock | C5: CBG yield (t CBG / t feed) | D5: Source | E5: Surplus column in CBG Analysis > Biomass Data
B6: Paddy Straw | C6: 0.124995 | D6: Costing model - Yield sheet (Paddy Straw) | E6: Col Z (KTPA)
B7: Wheat Straw | C7: =C6 -> 0.124995 | D7: NOT in costing model - placeholder = Paddy Straw yield, overwrite | E7: Col AA (KTPA)
B8: Maize Stover | C8: 0.100316 | D8: Costing model - Yield sheet (Maize Stover) | E8: Col G (KTPA)
B9: Mustard Stalk | C9: =C8 -> 0.100316 | D9: NOT in costing model - placeholder = Maize Stover yield, overwrite | E9: Col AB (KTPA)
B10: Cane Trash | C10: 0.106624 | D10: Costing model - Yield sheet (Cane Trash) | E10: Col AC (KTPA)
B11: Press Mud | C11: 0.040483 | D11: Costing model - Yield sheet (Press Mud) | E11: Col N (KTPA)
B12: Soya Trash | C12: 0.107684 | D12: Costing model - Yield sheet (Soya Trash) | E12: Col J (KTPA)
B13: OF MSW | C13: 0.038332 | D13: Costing model - Yield sheet (OF MSW) | E13: Col S (KTPA)
B15: Plant operating days p.a. | C15: 341 | D15: Costing model - Summary sheet (Plant Operating Days)
B16: Earth radius (km) | C16: 6371 | D16: Standard mean radius for haversine distance
B19: NOTES
B20: 1. Surplus data: CBG Analysis 21_09_2026 > Biomass Data (DES APY 2022-23 basis), 744 districts / 34 states & UTs, pasted as values.
B21: 2. Total here = all 8 feedstocks. The source sheet's own "Total Biomass Available" (col T) covers only Maize + Soya + Press Mud + OF MSW, so totals will not match it.
B22: 3. District coordinates are APPROXIMATE district-HQ points (+/- ~10-20 km), compiled for this model - not surveyed. Fine for screening, not for site selection.
B23: 4. Distance = straight-line (haversine) x Road factor on Finder. Road distance in India typically runs ~1.2-1.4x straight-line.
B24: 5. A district is counted in the radius if its HQ point falls inside it - its FULL surplus is counted, even if part of the district lies outside.
B25: 6. Wheat Straw and Mustard Stalk have no CBG yield in the costing model - placeholders (yellow). Overwrite with tested yields.

Sheet Lists
A1: States
A2: Andaman And Nicobar Islands
A3: Andhra Pradesh
A4: Arunachal Pradesh
A5: Assam
A6: Bihar
A7: Chandigarh
A8: Chhattisgarh
A9: Goa
A10: Gujarat
A11: Haryana
A12: Himachal Pradesh
... A35: West Bengal
